model_i,model_PPI,iRMSD,lRMSD,FNAT
1,7xbf-model-1_A_Z,0.315,1.623,0.925926
2,7xbf-model-2_A_Z,25.022,80.341,0.0
3,7xbf-model-3_A_Z,22.564,74.053,0.0
4,7xbf-model-4_A_Z,26.184,77.332,0.0
5,7xbf-model-5_A_Z,22.388,74.105,0.0
6,7xbf-model-6_A_Z,24.819,81.54,0.0
7,7xbf-model-7_A_Z,20.108,73.607,0.0
8,7xbf-model-8_A_Z,29.463,76.179,0.0
9,7xbf-model-9_A_Z,33.828,90.285,0.0
10,7xbf-model-10_A_Z,24.932,73.122,0.0
11,7xbf-model-11_A_Z,27.203,83.377,0.0
12,7xbf-model-12_A_Z,23.912,67.447,0.0
13,7xbf-model-13_A_Z,15.236,28.0,0.0
14,7xbf-model-14_A_Z,18.369,77.55,0.0
15,7xbf-model-15_A_Z,24.69,74.406,0.0
16,7xbf-model-16_A_Z,23.541,79.422,0.0
17,7xbf-model-17_A_Z,20.162,71.77,0.0
18,7xbf-model-18_A_Z,34.631,88.921,0.0
19,7xbf-model-19_A_Z,32.534,80.954,0.0
20,7xbf-model-20_A_Z,29.385,92.514,0.0
21,7xbf-model-21_A_Z,31.703,89.775,0.0
22,7xbf-model-22_A_Z,19.562,72.473,0.0
23,7xbf-model-23_A_Z,25.315,71.463,0.0
24,7xbf-model-24_A_Z,33.708,93.689,0.0
25,7xbf-model-25_A_Z,14.64,41.397,0.0
26,7xbf-model-26_A_Z,24.621,89.954,0.0
27,7xbf-model-27_A_Z,28.462,93.832,0.0
28,7xbf-model-28_A_Z,24.631,88.474,0.0
29,7xbf-model-29_A_Z,17.218,68.993,0.0
30,7xbf-model-30_A_Z,27.2,73.563,0.0
31,7xbf-model-31_A_Z,30.523,89.555,0.0
32,7xbf-model-32_A_Z,23.267,38.073,0.0
33,7xbf-model-33_A_Z,34.099,86.97,0.0
34,7xbf-model-34_A_Z,17.884,78.274,0.0
35,7xbf-model-35_A_Z,22.17,65.2,0.0
36,7xbf-model-36_A_Z,18.065,67.909,0.0
37,7xbf-model-37_A_Z,22.856,70.281,0.0
38,7xbf-model-38_A_Z,22.781,70.265,0.0
39,7xbf-model-39_A_Z,32.356,84.863,0.0
40,7xbf-model-40_A_Z,28.624,76.429,0.0
41,7xbf-model-41_A_Z,28.892,83.713,0.0
42,7xbf-model-42_A_Z,22.023,49.248,0.0
43,7xbf-model-43_A_Z,25.517,81.031,0.0
44,7xbf-model-44_A_Z,35.085,80.283,0.0
45,7xbf-model-45_A_Z,24.743,83.944,0.0
46,7xbf-model-46_A_Z,17.866,45.392,0.0
47,7xbf-model-47_A_Z,25.715,69.409,0.0
48,7xbf-model-48_A_Z,29.837,82.828,0.0
49,7xbf-model-49_A_Z,20.021,59.247,0.0
50,7xbf-model-50_A_Z,15.738,43.054,0.0
51,7xbf-model-51_A_Z,11.482,32.905,0.0
52,7xbf-model-52_A_Z,17.371,67.979,0.0
53,7xbf-model-53_A_Z,30.037,64.692,0.0
54,7xbf-model-54_A_Z,22.07,74.111,0.0
55,7xbf-model-55_A_Z,27.468,105.415,0.0
56,7xbf-model-56_A_Z,28.629,76.914,0.0
57,7xbf-model-57_A_Z,22.252,45.363,0.0
58,7xbf-model-58_A_Z,26.141,89.21,0.0
59,7xbf-model-59_A_Z,29.983,77.958,0.0
60,7xbf-model-60_A_Z,24.016,70.692,0.0
61,7xbf-model-61_A_Z,22.506,80.992,0.0
62,7xbf-model-62_A_Z,22.376,66.668,0.0
63,7xbf-model-63_A_Z,25.992,77.494,0.0
64,7xbf-model-64_A_Z,20.787,32.353,0.0
65,7xbf-model-65_A_Z,23.403,49.696,0.0
66,7xbf-model-66_A_Z,21.708,76.875,0.0
67,7xbf-model-67_A_Z,13.862,43.112,0.0
68,7xbf-model-68_A_Z,23.173,91.827,0.0
69,7xbf-model-69_A_Z,19.894,66.445,0.0
70,7xbf-model-70_A_Z,37.875,99.984,0.0
71,7xbf-model-71_A_Z,23.888,73.903,0.0
72,7xbf-model-72_A_Z,19.791,48.239,0.0
73,7xbf-model-73_A_Z,23.969,69.316,0.0
74,7xbf-model-74_A_Z,21.894,65.599,0.0
75,7xbf-model-75_A_Z,25.93,78.628,0.0
76,7xbf-model-76_A_Z,23.446,53.93,0.0
77,7xbf-model-77_A_Z,21.11,72.539,0.0
78,7xbf-model-78_A_Z,27.64,79.014,0.0
79,7xbf-model-79_A_Z,28.499,99.611,0.0
80,7xbf-model-80_A_Z,17.529,72.432,0.0
81,7xbf-model-81_A_Z,19.899,69.481,0.0
82,7xbf-model-82_A_Z,25.557,72.56,0.0
83,7xbf-model-83_A_Z,23.399,72.837,0.0
84,7xbf-model-84_A_Z,16.062,50.583,0.0
85,7xbf-model-85_A_Z,24.025,84.809,0.0
86,7xbf-model-86_A_Z,24.056,67.404,0.0
87,7xbf-model-87_A_Z,27.582,76.86,0.0
88,7xbf-model-88_A_Z,29.015,90.488,0.0
89,7xbf-model-89_A_Z,38.983,90.291,0.0
90,7xbf-model-90_A_Z,10.136,58.063,0.018519
91,7xbf-model-91_A_Z,27.388,91.097,0.0
92,7xbf-model-92_A_Z,27.495,68.028,0.0
93,7xbf-model-93_A_Z,24.517,54.151,0.0
94,7xbf-model-94_A_Z,22.028,75.382,0.0
95,7xbf-model-95_A_Z,28.153,73.861,0.0
96,7xbf-model-96_A_Z,35.864,81.042,0.0
97,7xbf-model-97_A_Z,28.015,81.329,0.0
98,7xbf-model-98_A_Z,17.718,76.368,0.0
99,7xbf-model-99_A_Z,27.895,73.527,0.0
100,7xbf-model-100_A_Z,23.75,69.705,0.0
